"mon","move","usage"
"Abomasnow","blizzard",0.8045843839645386
"Abomasnow","auroraveil",0.6928768157958984
"Abomasnow","protect",0.5126940608024597
"Abomasnow","gigadrain",0.282460480928421
"Alcremie","decorate",0.9669874310493469
"Alcremie","dazzlinggleam",0.5067667961120605
"Alcremie","protect",0.44175857305526733
"Alcremie","helpinghand",0.3891105353832245
"Alomomola","flipturn",0.5899731516838074
"Alomomola","wideguard",0.5505819320678711
"Alomomola","wish",0.3419874608516693
"Alomomola","helpinghand",0.33213967084884644
"Altaria","tailwind",0.6509895920753479
"Altaria","roost",0.5116598010063171
"Altaria","hurricane",0.4601214826107025
"Altaria","sing",0.4305310547351837
"Ambipom","fakeout",0.7823361754417419
"Ambipom","protect",0.4085470139980316
"Ambipom","uturn",0.307407408952713
"Ambipom","",0.2569800615310669
"Amoonguss","spore",0.9911453723907471
"Amoonguss","ragepowder",0.9770302176475525
"Amoonguss","pollenpuff",0.7134712934494019
"Amoonguss","protect",0.7005884051322937
"Ampharos","dazzlinggleam",0.4025973975658417
"Ampharos","thunderbolt",0.38311687111854553
"Ampharos","protect",0.34675323963165283
"Ampharos","voltswitch",0.2792207896709442
"Annihilape","ragefist",0.6724257469177246
"Annihilape","closecombat",0.6612251400947571
"Annihilape","finalgambit",0.5387257933616638
"Annihilape","coaching",0.3939407169818878
"Appletun","appleacid",0.6115515232086182
"Appletun","leechseed",0.4858437180519104
"Appletun","protect",0.4416761100292206
"Appletun","recover",0.3374858498573303
"Araquanid","liquidation",0.9077664613723755
"Araquanid","wideguard",0.8996849060058594
"Araquanid","protect",0.6031510829925537
"Araquanid","leechlife",0.5069137811660767
"Arbok","poisonjab",0.31910112500190735
"Arbok","protect",0.28539326786994934
"Arbok","gunkshot",0.26741573214530945
"Arbok","knockoff",0.2606741487979889
"Arboliva","pollenpuff",0.5552836656570435
"Arboliva","gigadrain",0.4567297101020813
"Arboliva","protect",0.44004449248313904
"Arboliva","earthpower",0.33392658829689026
"Arcanine","flareblitz",0.7002398371696472
"Arcanine","extremespeed",0.6184386014938354
"Arcanine","willowisp",0.5530242323875427
"Arcanine","protect",0.516253650188446
"Arcanine-Hisui","flareblitz",0.9211920499801636
"Arcanine-Hisui","extremespeed",0.7305237650871277
"Arcanine-Hisui","rockslide",0.6632751226425171
"Arcanine-Hisui","headsmash",0.516255259513855
"Archaludon","electroshot",0.9241668581962585
"Archaludon","flashcannon",0.7352889180183411
"Archaludon","bodypress",0.6937767267227173
"Archaludon","dracometeor",0.5334383845329285
"Ariados","protect",0.5010799169540405
"Ariados","ragepowder",0.4989200830459595
"Ariados","leechlife",0.35853132605552673
"Ariados","crosspoison",0.29157668352127075
"Armarouge","expandingforce",0.7223933935165405
"Armarouge","armorcannon",0.633938729763031
"Armarouge","wideguard",0.49148693680763245
"Armarouge","trickroom",0.3503324091434479
"Articuno","blizzard",0.8954952359199524
"Articuno","freezedry",0.7351706624031067
"Articuno","sheercold",0.45229434967041016
"Articuno","icebeam",0.33841633796691895
"Articuno-Galar","freezingglare",0.6532960534095764
"Articuno-Galar","protect",0.4795331358909607
"Articuno-Galar","trickroom",0.47871115803718567
"Articuno-Galar","tailwind",0.40621402859687805
"Avalugg","bodypress",0.8672665953636169
"Avalugg","wideguard",0.7064117193222046
"Avalugg","icespinner",0.3132733404636383
"Avalugg","protect",0.30427446961402893
"Avalugg-Hisui","rockblast",0.49751242995262146
"Avalugg-Hisui","iciclespear",0.4919845163822174
"Avalugg-Hisui","highhorsepower",0.4615809917449951
"Avalugg-Hisui","bodypress",0.33056938648223877
"Azelf","explosion",0.652694582939148
"Azelf","uturn",0.265776127576828
"Azelf","zenheadbutt",0.2445877492427826
"Azelf","protect",0.2427452802658081
"Azumarill","aquajet",0.6580377221107483
"Azumarill","playrough",0.6426973342895508
"Azumarill","bellydrum",0.4841802418231964
"Azumarill","protect",0.46852028369903564
"Banette","trickroom",0.5714285969734192
"Banette","destinybond",0.5081967115402222
"Banette","poltergeist",0.48009368777275085
"Banette","suckerpunch",0.4262295067310333
"Barraskewda","liquidation",0.7506011724472046
"Barraskewda","closecombat",0.6447955965995789
"Barraskewda","flipturn",0.4833390712738037
"Barraskewda","psychicfangs",0.32531777024269104
"Basculegion","lastrespects",0.9432327747344971
"Basculegion","wavecrash",0.8405172228813171
"Basculegion","aquajet",0.6903017163276672
"Basculegion","flipturn",0.43681034445762634
"Basculegion-F","shadowball",0.6046082973480225
"Basculegion-F","icebeam",0.4119815528392792
"Basculegion-F","lastrespects",0.3815668225288391
"Basculegion-F","flipturn",0.33640551567077637
"Bastiodon","bodypress",0.9301573634147644
"Bastiodon","wideguard",0.9043001532554626
"Bastiodon","irondefense",0.7828836441040039
"Bastiodon","foulplay",0.6951939463615417
"Baxcalibur","protect",0.7925194501876831
"Baxcalibur","iciclespear",0.5695481300354004
"Baxcalibur","glaiverush",0.54017174243927
"Baxcalibur","iceshard",0.4342242479324341
"Bayleef","leechseed",0.8846153616905212
"Bayleef","protect",0.7762237787246704
"Bayleef","substitute",0.6433566212654114
"Bayleef","gigadrain",0.6433566212654114
"Beartic","protect",0.5543735027313232
"Beartic","iciclecrash",0.5189125537872314
"Beartic","closecombat",0.45330968499183655
"Beartic","aquajet",0.3534278869628906
"Bellibolt","paraboliccharge",0.6101776361465454
"Bellibolt","protect",0.38310128450393677
"Bellibolt","muddywater",0.30628901720046997
"Bellibolt","thunderbolt",0.3014882504940033
"Bellossom","quiverdance",0.48455286026000977
"Bellossom","strengthsap",0.31382113695144653
"Bellossom","sleeppowder",0.286178857088089
"Bellossom","gigadrain",0.27967479825019836
"Bisharp","ironhead",0.8809980750083923
"Bisharp","suckerpunch",0.8317338228225708
"Bisharp","swordsdance",0.45361483097076416
"Bisharp","protect",0.4510556757450104
"Blastoise","fakeout",0.6384228467941284
"Blastoise","yawn",0.3347315490245819
"Blastoise","flipturn",0.2526845633983612
"Blastoise","waterspout",0.2508389353752136
"Blaziken","protect",0.6949048638343811
"Blaziken","closecombat",0.6558625102043152
"Blaziken","flareblitz",0.5503990054130554
"Blaziken","coaching",0.22160835564136505
"Blissey","softboiled",0.43168389797210693
"Blissey","healpulse",0.39438700675964355
"Blissey","thunderwave",0.31720826029777527
"Blissey","helpinghand",0.22673559188842773
"Bombirdier","rockslide",0.7755960822105408
"Bombirdier","bravebird",0.4880785346031189
"Bombirdier","tailwind",0.48106592893600464
"Bombirdier","knockoff",0.36044880747795105
"Brambleghast","poltergeist",0.711294412612915
"Brambleghast","shadowsneak",0.5939086079597473
"Brambleghast","protect",0.5019035339355469
"Brambleghast","powerwhip",0.494923859834671
"Braviary","bravebird",0.6208791136741638
"Braviary","protect",0.553113579750061
"Braviary","tailwind",0.4853479862213135
"Braviary","closecombat",0.44688645005226135
"Braviary-Hisui","protect",0.5069009065628052
"Braviary-Hisui","heatwave",0.4767879545688629
"Braviary-Hisui","hurricane",0.4278544485569
"Braviary-Hisui","psychic",0.40087828040122986
"Breloom","spore",0.8283569812774658
"Breloom","bulletseed",0.6537114381790161
"Breloom","machpunch",0.6131776571273804
"Breloom","protect",0.3961634635925293
"Bronzong","trickroom",0.8503044843673706
"Bronzong","bodypress",0.48342353105545044
"Bronzong","gyroball",0.4118741452693939
"Bronzong","irondefense",0.35292625427246094
"Brute Bonnet","spore",0.9502670168876648
"Brute Bonnet","ragepowder",0.7631127238273621
"Brute Bonnet","suckerpunch",0.6140568256378174
"Brute Bonnet","seedbomb",0.48145145177841187
"Bruxish","psychicfangs",0.8931557536125183
"Bruxish","superfang",0.6409239172935486
"Bruxish","aquajet",0.5707808136940002
"Bruxish","taunt",0.45075809955596924
"Cacturne","spikyshield",0.5585892796516418
"Cacturne","suckerpunch",0.42548349499702454
"Cacturne","seedbomb",0.3139931857585907
"Cacturne","swordsdance",0.23094426095485687
"Calyrex-Ice","glaciallance",0.9987276196479797
"Calyrex-Ice","highhorsepower",0.8462249636650085
"Calyrex-Ice","protect",0.8434969782829285
"Calyrex-Ice","trickroom",0.8120360970497131
"Calyrex-Shadow","astralbarrage",0.998889148235321
"Calyrex-Shadow","protect",0.8376226425170898
"Calyrex-Shadow","nastyplot",0.4062410295009613
"Calyrex-Shadow","drainingkiss",0.2816861867904663
"Camerupt","eruption",0.8076131939888
"Camerupt","earthpower",0.7520576119422913
"Camerupt","heatwave",0.45267489552497864
"Camerupt","protect",0.42901235818862915
"Carbink","trickroom",0.7883720993995667
"Carbink","bodypress",0.5313953757286072
"Carbink","reflect",0.38197675347328186
"Carbink","stealthrock",0.3581395447254181
"Ceruledge","bitterblade",0.9843636751174927
"Ceruledge","shadowsneak",0.5840251445770264
"Ceruledge","protect",0.4980252981185913
"Ceruledge","bulkup",0.2742806375026703
"Cetitan","icespinner",0.534235954284668
"Cetitan","bellydrum",0.4649903178215027
"Cetitan","protect",0.44680851697921753
"Cetitan","iceshard",0.4069632589817047
"Chandelure","shadowball",0.8789674043655396
"Chandelure","heatwave",0.7493652105331421
"Chandelure","trickroom",0.6079136729240417
"Chandelure","protect",0.521794319152832
"Chansey","softboiled",0.4995563328266144
"Chansey","seismictoss",0.40638864040374756
"Chansey","helpinghand",0.39219164848327637
"Chansey","healpulse",0.3283052444458008
"Charizard","heatwave",0.8519425988197327
"Charizard","airslash",0.5237123370170593
"Charizard","solarbeam",0.3977002203464508
"Charizard","dragonpulse",0.3185003697872162
"Charjabug","protect",0.5753012299537659
"Charjabug","lunge",0.5538821816444397
"Charjabug","thunderwave",0.4123159348964691
"Charjabug","electroweb",0.3734939694404602
"Chesnaught","wideguard",0.7417042851448059
"Chesnaught","bodypress",0.6283514499664307
"Chesnaught","irondefense",0.3973984718322754
"Chesnaught","spikyshield",0.35731351375579834
"Chi-Yu","heatwave",0.9552186131477356
"Chi-Yu","darkpulse",0.8711238503456116
"Chi-Yu","overheat",0.6943764090538025
"Chi-Yu","snarl",0.6616215109825134
"Chien-Pao","protect",0.9024162292480469
"Chien-Pao","suckerpunch",0.8531643152236938
"Chien-Pao","icespinner",0.5590860247612
"Chien-Pao","sacredsword",0.5081886053085327
"Chimecho","trickroom",0.49201276898384094
"Chimecho","cosmicpower",0.3801916837692261
"Chimecho","recover",0.3290734887123108
"Chimecho","storedpower",0.24600638449192047
"Cinccino","tailslap",0.7246752977371216
"Cinccino","bulletseed",0.6103895902633667
"Cinccino","rockblast",0.5549783706665039
"Cinccino","tripleaxel",0.5151515007019043
"Cinderace","pyroball",0.830051839351654
"Cinderace","highjumpkick",0.4131260812282562
"Cinderace","uturn",0.33402419090270996
"Cinderace","gunkshot",0.3029361069202423
"Clawitzer","waterpulse",0.8374301791191101
"Clawitzer","dragonpulse",0.6988826990127563
"Clawitzer","darkpulse",0.6921787858009338
"Clawitzer","aurasphere",0.5145251154899597
"Clefable","followme",0.8603638410568237
"Clefable","moonblast",0.5958237051963806
"Clefable","protect",0.3943120539188385
"Clefable","helpinghand",0.2676146626472473
"Clefairy","followme",0.9888700246810913
"Clefairy","helpinghand",0.7691590785980225
"Clefairy","protect",0.7075381278991699
"Clefairy","afteryou",0.47378087043762207
"Cleffa","endeavor",0.9727891087532043
"Cleffa","helpinghand",0.9591836929321289
"Cleffa","healpulse",0.9251700639724731
"Cleffa","endure",0.8979591727256775
"Clodsire","recover",0.5297262072563171
"Clodsire","toxic",0.47545763850212097
"Clodsire","protect",0.3466709852218628
"Clodsire","highhorsepower",0.2928883731365204
"Cloyster","iciclespear",0.9079919457435608
"Cloyster","shellsmash",0.6527870893478394
"Cloyster","rockblast",0.6051040887832642
"Cloyster","protect",0.32572194933891296
"Coalossal","protect",0.8003705143928528
"Coalossal","heatwave",0.5970356464385986
"Coalossal","powergem",0.5715609192848206
"Coalossal","earthpower",0.2603057026863098
"Cobalion","bodypress",0.8319553136825562
"Cobalion","protect",0.7881564497947693
"Cobalion","irondefense",0.6270391345024109
"Cobalion","heavyslam",0.4138547480106354
"Comfey","floralhealing",0.9550229907035828
"Comfey","drainingkiss",0.9272496700286865
"Comfey","protect",0.4842088520526886
"Comfey","trickroom",0.45351532101631165
"Conkeldurr","drainpunch",0.6401045322418213
"Conkeldurr","knockoff",0.4983670711517334
"Conkeldurr","wideguard",0.41998693346977234
"Conkeldurr","machpunch",0.3453080654144287
"Copperajah","heavyslam",0.5714285969734192
"Copperajah","heatcrash",0.4099999964237213
"Copperajah","ironhead",0.39571428298950195
"Copperajah","protect",0.37857142090797424
"Corviknight","bravebird",0.6124410629272461
"Corviknight","bodypress",0.6073574423789978
"Corviknight","roost",0.5904427170753479
"Corviknight","tailwind",0.5256493091583252
"Cosmoem","",1.3674911260604858
"Cosmoem","teleport",0.9505300521850586
"Cosmoem","cosmicpower",0.9010600447654724
"Cosmoem","splash",0.7809187173843384
"Crabominable","icehammer",0.8258839249610901
"Crabominable","wideguard",0.7851901054382324
"Crabominable","closecombat",0.6477651596069336
"Crabominable","drainpunch",0.4536357522010803
"Cramorant","surf",0.8003838658332825
"Cramorant","protect",0.4145873188972473
"Cramorant","tailwind",0.3128598928451538
"Cramorant","icywind",0.29558542370796204
"Crawdaunt","crabhammer",0.8211743831634521
"Crawdaunt","aquajet",0.7962633371353149
"Crawdaunt","knockoff",0.7437722682952881
"Crawdaunt","closecombat",0.32829180359840393
"Cresselia","lunarblessing",0.8623166084289551
"Cresselia","trickroom",0.7482107281684875
"Cresselia","moonblast",0.37970152497291565
"Cresselia","helpinghand",0.3511243164539337
"Cryogonal","freezedry",0.5569620132446289
"Cryogonal","",0.5139240622520447
"Cryogonal","icywind",0.44556963443756104
"Cryogonal","protect",0.35696202516555786
"Cyclizar","shedtail",0.9601604342460632
"Cyclizar","knockoff",0.42433154582977295
"Cyclizar","breakingswipe",0.3494652509689331
"Cyclizar","protect",0.303475946187973
"Dachsbun","bodypress",0.8557620644569397
"Dachsbun","protect",0.6862453818321228
"Dachsbun","playrough",0.4743494391441345
"Dachsbun","yawn",0.37026020884513855
"Decidueye","spiritshackle",0.6051912307739258
"Decidueye","protect",0.43579235672950745
"Decidueye","leafblade",0.33196720480918884
"Decidueye","shadowsneak",0.312841534614563
"Decidueye-Hisui","triplearrows",0.9360079765319824
"Decidueye-Hisui","leafblade",0.6110742688179016
"Decidueye-Hisui","protect",0.4263925850391388
"Decidueye-Hisui","suckerpunch",0.2997347414493561
"Dedenne","nuzzle",0.663847804069519
"Dedenne","dazzlinggleam",0.53699791431427
"Dedenne","protect",0.45665961503982544
"Dedenne","voltswitch",0.3890063464641571
"Delphox","protect",0.5858209133148193
"Delphox","expandingforce",0.55534827709198
"Delphox","heatwave",0.4670397937297821
"Delphox","dazzlinggleam",0.25062188506126404
"Dewgong","fakeout",0.8533190488815308
"Dewgong","perishsong",0.5503212213516235
"Dewgong","aquajet",0.5256959199905396
"Dewgong","horndrill",0.5042826533317566
"Dialga","flashcannon",0.7250652313232422
"Dialga","protect",0.4800321161746979
"Dialga","dracometeor",0.4511338472366333
"Dialga","earthpower",0.3614288568496704
"Dialga-Origin","flashcannon",0.8882481455802917
"Dialga-Origin","protect",0.6860538721084595
"Dialga-Origin","trickroom",0.6506083607673645
"Dialga-Origin","dragonpulse",0.5188128352165222
"Diglett","",1.3729373216629028
"Diglett","protect",0.44884487986564636
"Diglett","agility",0.44884487986564636
"Diglett","suckerpunch",0.3531353175640106
"Dipplin","pollenpuff",0.8652607202529907
"Dipplin","protect",0.660222589969635
"Dipplin","recover",0.5957821011543274
"Dipplin","dracometeor",0.4645577073097229
"Ditto","",3
"Ditto","transform",1
"Dodrio","drillpeck",0.450549453496933
"Dodrio","tailwind",0.43406593799591064
"Dodrio","knockoff",0.28021979331970215
"Dodrio","endeavor",0.2637362778186798
"Dondozo","protect",0.9072272777557373
"Dondozo","wavecrash",0.7189118266105652
"Dondozo","orderup",0.6493909358978271
"Dondozo","earthquake",0.4072633683681488
"Donphan","earthquake",0.6188197731971741
"Donphan","iceshard",0.5741626620292664
"Donphan","protect",0.3684210479259491
"Donphan","knockoff",0.2870813310146332
"Dragalge","sludgebomb",0.7708333134651184
"Dragalge","dracometeor",0.6780303120613098
"Dragalge","sludgewave",0.3390151560306549
"Dragalge","protect",0.3323863744735718
"Dragapult","dragondarts",0.8035913705825806
"Dragapult","phantomforce",0.5667556524276733
"Dragapult","uturn",0.47920408844947815
"Dragapult","suckerpunch",0.34365445375442505
"Dragonite","extremespeed",0.9433436393737793
"Dragonite","outrage",0.4439736604690552
"Dragonite","aerialace",0.37824469804763794
"Dragonite","stompingtantrum",0.2485194057226181
"Drednaw","liquidation",0.5504710674285889
"Drednaw","crunch",0.411843866109848
"Drednaw","rockslide",0.40107670426368713
"Drednaw","shellsmash",0.3997308313846588
"Drifblim","tailwind",0.567215621471405
"Drifblim","shadowball",0.3238222897052765
"Drifblim","minimize",0.2290310263633728
"Drifblim","strengthsap",0.21256223320960999
"Dudunsparce","hyperdrill",0.41990211606025696
"Dudunsparce","batonpass",0.33964112401008606
"Dudunsparce","rockslide",0.3370310068130493
"Dudunsparce","protect",0.2897226810455322
"Dugtrio","protect",0.6522016525268555
"Dugtrio","earthquake",0.5201020836830139
"Dugtrio","suckerpunch",0.49329930543899536
"Dugtrio","endeavor",0.38098275661468506
"Dugtrio-Alola","ironhead",0.6517571806907654
"Dugtrio-Alola","earthquake",0.5878594517707825
"Dugtrio-Alola","protect",0.4728434383869171
"Dugtrio-Alola","suckerpunch",0.30990415811538696
"Duraludon","bodypress",0.5455408096313477
"Duraludon","flashcannon",0.49430739879608154
"Duraludon","protect",0.4402277171611786
"Duraludon","irondefense",0.4364326298236847
"Dusclops","trickroom",0.8069325685501099
"Dusclops","willowisp",0.6399810314178467
"Dusclops","painsplit",0.4821462631225586
"Dusclops","nightshade",0.34976258873939514
"Dusknoir","trickroom",0.7217453718185425
"Dusknoir","willowisp",0.5622317790985107
"Dusknoir","poltergeist",0.3648068606853485
"Dusknoir","phantomforce",0.33690986037254333
"Eelektross","discharge",0.25546059012413025
"Eelektross","voltswitch",0.25261157751083374
"Eelektross","knockoff",0.23266856372356415
"Eelektross","gigadrain",0.21937322616577148
"Eiscue","bellydrum",0.7720465660095215
"Eiscue","protect",0.5923460721969604
"Eiscue","liquidation",0.5191347599029541
"Eiscue","icespinner",0.5008319616317749
"Electabuzz","followme",0.9972259402275085
"Electabuzz","electroweb",0.5651105642318726
"Electabuzz","taunt",0.5485455989837646
"Electabuzz","feint",0.45486247539520264
"Electivire","followme",0.5842885971069336
"Electivire","protect",0.41200268268585205
"Electivire","supercellslam",0.34962913393974304
"Electivire","knockoff",0.3095077574253082
"Electrode","electroweb",0.48941177129745483
"Electrode","taunt",0.47999998927116394
"Electrode","voltswitch",0.46352940797805786
"Electrode","thunderwave",0.44235295057296753
"Electrode-Hisui","electroweb",0.4836711585521698
"Electrode-Hisui","chloroblast",0.4819819927215576
"Electrode-Hisui","voltswitch",0.4819819927215576
"Electrode-Hisui","protect",0.2759009003639221
"Emboar","flareblitz",0.948369562625885
"Emboar","closecombat",0.489130437374115
"Emboar","wildcharge",0.43614131212234497
"Emboar","headsmash",0.41304346919059753
"Empoleon","flashcannon",0.8069256544113159
"Empoleon","icebeam",0.4354729652404785
"Empoleon","waterpledge",0.414527028799057
"Empoleon","protect",0.408108115196228
"Enamorus","protect",0.48873087763786316
"Enamorus","superpower",0.4400385618209839
"Enamorus","earthpower",0.43039652705192566
"Enamorus","springtidestorm",0.39881885051727295
"Enamorus-Therian","earthpower",0.7178999185562134
"Enamorus-Therian","moonblast",0.5983431935310364
"Enamorus-Therian","protect",0.515616238117218
"Enamorus-Therian","dazzlinggleam",0.4575170576572418
"Entei","extremespeed",0.9842532873153687
"Entei","sacredfire",0.9686269760131836
"Entei","stompingtantrum",0.6767471432685852
"Entei","stoneedge",0.5119966268539429
"Espathra","protect",0.8066666722297668
"Espathra","luminacrash",0.6654762029647827
"Espathra","dazzlinggleam",0.3759523928165436
"Espathra","calmmind",0.35857143998146057
"Espeon","expandingforce",0.43963444232940674
"Espeon","dazzlinggleam",0.4377104341983795
"Espeon","psychic",0.3011063039302826
"Espeon","shadowball",0.29100528359413147
"Eternatus","sludgebomb",0.7428191304206848
"Eternatus","dynamaxcannon",0.7309077978134155
"Eternatus","flamethrower",0.5169906616210938
"Eternatus","protect",0.4999188482761383
"Excadrill","ironhead",0.9026917219161987
"Excadrill","earthquake",0.6617862582206726
"Excadrill","protect",0.6004054546356201
"Excadrill","rockslide",0.46930959820747375
"Exeggutor","expandingforce",0.5512214303016663
"Exeggutor","protect",0.530535876750946
"Exeggutor","sleeppowder",0.41745468974113464
"Exeggutor","trickroom",0.2781717777252197
"Exeggutor-Alola","trickroom",0.6565272212028503
"Exeggutor-Alola","protect",0.536544144153595
"Exeggutor-Alola","gigadrain",0.46049851179122925
"Exeggutor-Alola","dragonpulse",0.35868188738822937
"Falinks","noretreat",0.8140960335731506
"Falinks","closecombat",0.6731358766555786
"Falinks","protect",0.570990800857544
"Falinks","ironhead",0.4392237067222595
"Farigiraf","trickroom",0.9386597871780396
"Farigiraf","helpinghand",0.6624922156333923
"Farigiraf","foulplay",0.47136959433555603
"Farigiraf","psychic",0.3837694823741913
"Feraligatr","liquidation",0.760986864566803
"Feraligatr","icepunch",0.6800308227539062
"Feraligatr","crunch",0.502698540687561
"Feraligatr","dragondance",0.45412489771842957
"Fezandipiti","icywind",0.6595428586006165
"Fezandipiti","dazzlinggleam",0.5915257334709167
"Fezandipiti","protect",0.48578330874443054
"Fezandipiti","tailwind",0.45140308141708374
"Flamigo","closecombat",0.8989864587783813
"Flamigo","wideguard",0.5448126792907715
"Flamigo","acrobatics",0.44186311960220337
"Flamigo","bravebird",0.3755836486816406
"Flapple","gravapple",0.9692058563232422
"Flapple","dragonrush",0.5380875468254089
"Flapple","suckerpunch",0.4635332226753235
"Flapple","uturn",0.4635332226753235
"Flareon","flareblitz",0.7252440452575684
"Flareon","protect",0.41004183888435364
"Flareon","facade",0.32775452733039856
"Flareon","terablast",0.2970711290836334
"Floatzel","icespinner",0.7574316263198853
"Floatzel","wavecrash",0.72651606798172
"Floatzel","aquajet",0.4411414861679077
"Floatzel","flipturn",0.3650416135787964
"Florges","pollenpuff",0.7092198729515076
"Florges","moonblast",0.5619723200798035
"Florges","protect",0.45018574595451355
"Florges","helpinghand",0.42384329438209534
"Flutter Mane","moonblast",0.8596769571304321
"Flutter Mane","shadowball",0.6896801590919495
"Flutter Mane","icywind",0.6579674482345581
"Flutter Mane","protect",0.6383905410766602
"Flygon","earthquake",0.43148934841156006
"Flygon","tailwind",0.4017021358013153
"Flygon","protect",0.29872339963912964
"Flygon","rockslide",0.23999999463558197
"Forretress","bodypress",0.7130101919174194
"Forretress","protect",0.5293367505073547
"Forretress","irondefense",0.48469388484954834
"Forretress","gyroball",0.3227040767669678
"Froslass","frostbreath",0.35842984914779663
"Froslass","destinybond",0.35456886887550354
"Froslass","blizzard",0.32625481486320496
"Froslass","willowisp",0.3243243098258972
"Frosmoth","wideguard",0.8431699872016907
"Frosmoth","icebeam",0.7230448126792908
"Frosmoth","bugbuzz",0.6141814589500427
"Frosmoth","protect",0.4283628761768341
"Furret","followme",0.8287373185157776
"Furret","endeavor",0.4063860774040222
"Furret","helpinghand",0.34107401967048645
"Furret","suckerpunch",0.2902757525444031
"Gallade","sacredsword",0.9481989741325378
"Gallade","psychocut",0.8686234951019287
"Gallade","wideguard",0.8500019907951355
"Gallade","trickroom",0.7443879246711731
"Galvantula","stickyweb",0.6086572408676147
"Galvantula","electroweb",0.6007066965103149
"Galvantula","voltswitch",0.4310953915119171
"Galvantula","thunder",0.3948763310909271
"Garchomp","earthquake",0.8020694851875305
"Garchomp","dragonclaw",0.6518891453742981
"Garchomp","protect",0.5977786183357239
"Garchomp","stompingtantrum",0.3108980357646942
"Gardevoir","dazzlinggleam",0.49473685026168823
"Gardevoir","moonblast",0.40646353363990784
"Gardevoir","trickroom",0.35826408863067627
"Gardevoir","protect",0.3527239263057709
"Garganacl","saltcure",0.9491409659385681
"Garganacl","recover",0.6866537928581238
"Garganacl","wideguard",0.6756172776222229
"Garganacl","protect",0.5139947533607483
"Gastrodon","earthpower",0.8421876430511475
"Gastrodon","protect",0.6464168429374695
"Gastrodon","yawn",0.44575074315071106
"Gastrodon","icebeam",0.38656607270240784
"Gengar","shadowball",0.7377328872680664
"Gengar","sludgebomb",0.5268098711967468
"Gengar","protect",0.35556820034980774
"Gengar","trickroom",0.25686246156692505
"Gholdengo","makeitrain",0.9944366812705994
"Gholdengo","shadowball",0.9311561584472656
"Gholdengo","protect",0.5612701773643494
"Gholdengo","nastyplot",0.5146795511245728
"Girafarig","endeavor",0.7387640476226807
"Girafarig","thunderwave",0.7191011309623718
"Girafarig","foulplay",0.601123571395874
"Girafarig","psychicnoise",0.48033708333969116
"Giratina","protect",0.6873012781143188
"Giratina","calmmind",0.5302098989486694
"Giratina","dragonpulse",0.42887428402900696
"Giratina","shadowball",0.3799024820327759
"Giratina-Origin","protect",0.8635440468788147
"Giratina-Origin","shadowsneak",0.6336343288421631
"Giratina-Origin","poltergeist",0.44695258140563965
"Giratina-Origin","dragonclaw",0.4113995432853699
"Glaceon","blizzard",0.8490971922874451
"Glaceon","freezedry",0.7833189964294434
"Glaceon","shadowball",0.4987102448940277
"Glaceon","terablast",0.2897678315639496
"Glastrier","iciclecrash",0.8730128407478333
"Glastrier","highhorsepower",0.6122255921363831
"Glastrier","protect",0.550719141960144
"Glastrier","closecombat",0.3514383137226105
"Glimmora","spikyshield",0.7190025448799133
"Glimmora","sludgebomb",0.5776580572128296
"Glimmora","mortalspin",0.5131884217262268
"Glimmora","powergem",0.430486798286438
"Gliscor","protect",0.6442445516586304
"Gliscor","earthquake",0.4054385721683502
"Gliscor","highhorsepower",0.3132283687591553
"Gliscor","swordsdance",0.2946227788925171
"Gloom","pollenpuff",0.7414634227752686
"Gloom","sleeppowder",0.6951219439506531
"Gloom","bulletseed",0.6731707453727722
"Gloom","strengthsap",0.6487804651260376
"Gogoat","hornleech",0.7823343873023987
"Gogoat","throatchop",0.3186119794845581
"Gogoat","rockslide",0.26498422026634216
"Gogoat","bulkup",0.25236591696739197
"Golduck","protect",0.34315982460975647
"Golduck","icywind",0.3228926658630371
"Golduck","skillswap",0.299401193857193
"Golduck","muddywater",0.21879318356513977
"Golem","rockslide",0.6913043260574341
"Golem","earthquake",0.5594202876091003
"Golem","explosion",0.5333333611488342
"Golem","wideguard",0.4724637567996979
"Golem-Alola","explosion",0.8663051128387451
"Golem-Alola","wideguard",0.36995992064476013
"Golem-Alola","protect",0.3485027253627777
"Golem-Alola","rockslide",0.3357698619365692
"Golurk","dynamicpunch",0.6104666590690613
"Golurk","protect",0.5894253849983215
"Golurk","poltergeist",0.4070677161216736
"Golurk","curse",0.39708659052848816
"Goodra","sludgebomb",0.3899504542350769
"Goodra","dragonpulse",0.36022648215293884
"Goodra","dracometeor",0.31847134232521057
"Goodra","thunder",0.24274593591690063
"Goodra-Hisui","bodypress",0.6334940791130066
"Goodra-Hisui","heavyslam",0.4222928583621979
"Goodra-Hisui","lifedew",0.3868917226791382
"Goodra-Hisui","protect",0.32913196086883545
"Gothitelle","fakeout",0.9231013655662537
"Gothitelle","protect",0.8255746364593506
"Gothitelle","psychic",0.6733661890029907
"Gothitelle","taunt",0.4832115173339844
"Gothorita","fakeout",0.9156492948532104
"Gothorita","protect",0.8790233135223389
"Gothorita","trickroom",0.7081021070480347
"Gothorita","hypnosis",0.49389567971229553
"Gouging Fire","burningbulwark",0.7806880474090576
"Gouging Fire","breakingswipe",0.7502294182777405
"Gouging Fire","flareblitz",0.6927846670150757
"Gouging Fire","howl",0.6792420148849487
"Grafaiai","partingshot",0.5340637564659119
"Grafaiai","doodle",0.4205179214477539
"Grafaiai","encore",0.3818725049495697
"Grafaiai","taunt",0.2976095676422119
"Granbull","playrough",0.9074491858482361
"Granbull","closecombat",0.42212188243865967
"Granbull","protect",0.3860045075416565
"Granbull","snarl",0.2821670472621918
"Great Tusk","closecombat",0.7846678495407104
"Great Tusk","headlongrush",0.7259408831596375
"Great Tusk","icespinner",0.4561758041381836
"Great Tusk","earthquake",0.36322304606437683
"Greedent","protect",0.5586527585983276
"Greedent","bellydrum",0.5389082431793213
"Greedent","knockoff",0.4285714328289032
"Greedent","stuffcheeks",0.28687572479248047
"Greninja","watershuriken",0.5552088618278503
"Greninja","darkpulse",0.5362458229064941
"Greninja","icebeam",0.378540575504303
"Greninja","protect",0.34109458327293396
"Grimmsnarl","lightscreen",0.8521150350570679
"Grimmsnarl","reflect",0.8214849233627319
"Grimmsnarl","spiritbreak",0.6100612282752991
"Grimmsnarl","thunderwave",0.5519725680351257
"Groudon","precipiceblades",0.9456354975700378
"Groudon","heatcrash",0.8230481743812561
"Groudon","protect",0.6104153990745544
"Groudon","thunderpunch",0.25156113505363464
"Gurdurr","wideguard",0.9821746945381165
"Gurdurr","coaching",0.8716577291488647
"Gurdurr","drainpunch",0.8538324236869812
"Gurdurr","machpunch",0.8377896547317505
"Gyarados","waterfall",0.8773271441459656
"Gyarados","protect",0.5383421778678894
"Gyarados","thunderwave",0.43882977962493896
"Gyarados","taunt",0.3522827923297882
"Hariyama","fakeout",0.9212352633476257
"Hariyama","wideguard",0.7354267835617065
"Hariyama","closecombat",0.6419153213500977
"Hariyama","knockoff",0.45662733912467957
"Hatterene","dazzlinggleam",0.8679555058479309
"Hatterene","trickroom",0.8563363552093506
"Hatterene","expandingforce",0.6627498865127563
"Hatterene","protect",0.3801490068435669
"Haunter","shadowball",0.6865443587303162
"Haunter","dazzlinggleam",0.4357798099517822
"Haunter","sludgebomb",0.33944955468177795
"Haunter","protect",0.32415902614593506
"Hawlucha","acrobatics",0.713248610496521
"Hawlucha","closecombat",0.41863277554512024
"Hawlucha","protect",0.2934059202671051
"Hawlucha","swordsdance",0.23169994354248047
"Haxorus","dragonclaw",0.6481113433837891
"Haxorus","firstimpression",0.5732272863388062
"Haxorus","closecombat",0.4731610417366028
"Haxorus","protect",0.43472498655319214
"Heatran","protect",0.809337854385376
"Heatran","magmastorm",0.5810403227806091
"Heatran","flashcannon",0.4182792007923126
"Heatran","heavyslam",0.40233150124549866
"Heracross","closecombat",0.6859503984451294
"Heracross","protect",0.5059687495231628
"Heracross","megahorn",0.2791551947593689
"Heracross","facade",0.2773186266422272
"Hippowdon","yawn",0.5187265872955322
"Hippowdon","protect",0.46956929564476013
"Hippowdon","earthquake",0.38810861110687256
"Hippowdon","slackoff",0.34691011905670166
"Hitmonchan","fakeout",0.7115628719329834
"Hitmonchan","closecombat",0.7090216279029846
"Hitmonchan","taunt",0.5400254130363464
"Hitmonchan","encore",0.5349428057670593
"Hitmonlee","fakeout",0.7199471592903137
"Hitmonlee","wideguard",0.5865257382392883
"Hitmonlee","closecombat",0.4002642035484314
"Hitmonlee","taunt",0.3579920828342438
"Hitmontop","fakeout",0.9373544454574585
"Hitmontop","wideguard",0.8773379325866699
"Hitmontop","closecombat",0.6362953782081604
"Hitmontop","feint",0.2762713134288788
"Ho-Oh","sacredfire",0.9452069997787476
"Ho-Oh","bravebird",0.8426768183708191
"Ho-Oh","protect",0.6629182696342468
"Ho-Oh","recover",0.3620527982711792
"Honchkrow","suckerpunch",0.6298003196716309
"Honchkrow","nightslash",0.5637480616569519
"Honchkrow","tailwind",0.536098301410675
"Honchkrow","bravebird",0.3886328637599945
"Houndoom","heatwave",0.8618504405021667
"Houndoom","protect",0.7325728535652161
"Houndoom","darkpulse",0.7148289084434509
"Houndoom","snarl",0.6844106316566467
"Houndstone","lastrespects",0.8760050535202026
"Houndstone","shadowsneak",0.553533673286438
"Houndstone","protect",0.42276766896247864
"Houndstone","playrough",0.37960219383239746
"Hydrapple","ficklebeam",0.67298823595047
"Hydrapple","pollenpuff",0.4490005075931549
"Hydrapple","protect",0.38886040449142456
"Hydrapple","earthpower",0.35554417967796326
"Hydreigon","dracometeor",0.7480514645576477
"Hydreigon","darkpulse",0.6485408544540405
"Hydreigon","protect",0.363422155380249
"Hydreigon","snarl",0.34439006447792053
"Hypno","trickroom",0.5375000238418579
"Hypno","expandingforce",0.34583333134651184
"Hypno","imprison",0.3166666626930237
"Hypno","haze",0.30416667461395264
"Illumise","tailwind",0.8687350749969482
"Illumise","encore",0.6006364226341248
"Illumise","raindance",0.3385043740272522
"Illumise","strugglebug",0.3170246481895447
"Incineroar","fakeout",0.9843252301216125
"Incineroar","knockoff",0.8821527361869812
"Incineroar","partingshot",0.8514630794525146
"Incineroar","flareblitz",0.5040810108184814
"Indeedee","expandingforce",0.9277471899986267
"Indeedee","trickroom",0.5557907819747925
"Indeedee","dazzlinggleam",0.4528900980949402
"Indeedee","protect",0.3854012191295624
"Indeedee-F","followme",0.9810485243797302
"Indeedee-F","trickroom",0.8307368159294128
"Indeedee-F","helpinghand",0.7718568444252014
"Indeedee-F","psychic",0.40460696816444397
"Infernape","fakeout",0.6788776516914368
"Infernape","closecombat",0.5666406750679016
"Infernape","flareblitz",0.5140296220779419
"Infernape","protect",0.44037413597106934
"Inteleon","snipeshot",0.8636662364006042
"Inteleon","protect",0.5548620223999023
"Inteleon","icebeam",0.40177398920059204
"Inteleon","soak",0.3068331182003021
"Iron Boulder","mightycleave",0.9873319268226624
"Iron Boulder","protect",0.5389487743377686
"Iron Boulder","psychocut",0.459495484828949
"Iron Boulder","sacredsword",0.378375381231308
"Iron Bundle","freezedry",0.8773938417434692
"Iron Bundle","icywind",0.8090184330940247
"Iron Bundle","protect",0.7363103628158569
"Iron Bundle","hydropump",0.5003458857536316
"Iron Crown","tachyoncutter",0.9803881049156189
"Iron Crown","protect",0.8246588706970215
"Iron Crown","expandingforce",0.6706095933914185
"Iron Crown","terablast",0.6193856000900269
"Iron Hands","fakeout",0.9259158968925476
"Iron Hands","drainpunch",0.8877174258232117
"Iron Hands","wildcharge",0.6737959980964661
"Iron Hands","lowkick",0.48494669795036316
"Iron Jugulis","tailwind",0.9164284467697144
"Iron Jugulis","snarl",0.7479822039604187
"Iron Jugulis","protect",0.6380528211593628
"Iron Jugulis","airslash",0.41205650568008423
"Iron Leaves","psyblade",0.958156168460846
"Iron Leaves","leafblade",0.8966957330703735
"Iron Leaves","protect",0.7460281848907471
"Iron Leaves","megahorn",0.4012083113193512
"Iron Moth","protect",0.6679804921150208
"Iron Moth","sludgewave",0.5247511267662048
"Iron Moth","fierydance",0.4779878556728363
"Iron Moth","heatwave",0.447658509016037
"Iron Thorns","protect",0.5602040886878967
"Iron Thorns","rockblast",0.4602040946483612
"Iron Thorns","pinmissile",0.43520408868789673
"Iron Thorns","rockslide",0.34948980808258057
"Iron Treads","highhorsepower",0.8226310610771179
"Iron Treads","ironhead",0.690649151802063
"Iron Treads","steelroller",0.5082024931907654
"Iron Treads","protect",0.4719553291797638
"Iron Valiant","wideguard",0.6757862567901611
"Iron Valiant","coaching",0.5828462243080139
"Iron Valiant","spiritbreak",0.5131030082702637
"Iron Valiant","encore",0.45764094591140747
"Jigglypuff","healpulse",0.8410256505012512
"Jigglypuff","protect",0.7769230604171753
"Jigglypuff","sing",0.4444444477558136
"Jigglypuff","helpinghand",0.34273505210876465
"Jolteon","thunderbolt",0.41706666350364685
"Jolteon","voltswitch",0.4032000005245209
"Jolteon","shadowball",0.3898666799068451
"Jolteon","terablast",0.36373332142829895
"Jumpluff","tailwind",0.9508026242256165
"Jumpluff","sleeppowder",0.9011593461036682
"Jumpluff","ragepowder",0.5961652994155884
"Jumpluff","encore",0.4675981104373932
"Kilowattrel","tailwind",0.7086368203163147
"Kilowattrel","protect",0.4715574085712433
"Kilowattrel","airslash",0.41137704253196716
"Kilowattrel","thunderbolt",0.37617066502571106
"Kingambit","suckerpunch",0.9321880340576172
"Kingambit","kowtowcleave",0.9042487144470215
"Kingambit","ironhead",0.8191146850585938
"Kingambit","protect",0.4906720817089081
"Kingdra","dracometeor",0.7458534836769104
"Kingdra","protect",0.5578783750534058
"Kingdra","weatherball",0.3616102337837219
"Kingdra","hurricane",0.3533172011375427
"Klawf","protect",0.6371681690216064
"Klawf","rockslide",0.5604719519615173
"Klawf","crabhammer",0.4690265357494354
"Klawf","helpinghand",0.41002950072288513
"Kleavor","stoneaxe",0.9053774476051331
"Kleavor","xscissor",0.7057911157608032
"Kleavor","nightslash",0.367114782333374
"Kleavor","protect",0.3479834496974945
"Klefki","lightscreen",0.680859386920929
"Klefki","reflect",0.6298177242279053
"Klefki","dazzlinggleam",0.43606770038604736
"Klefki","thunderwave",0.40117186307907104
"Koffing","protect",0.9707602262496948
"Koffing","painsplit",0.8615984320640564
"Koffing","poisongas",0.7309941649436951
"Koffing","acidspray",0.61208575963974
"Kommo-o","protect",0.6742590069770813
"Kommo-o","clangoroussoul",0.6326470971107483
"Kommo-o","clangingscales",0.5903051495552063
"Kommo-o","flashcannon",0.31435245275497437
"Koraidon","flareblitz",0.9000285863876343
"Koraidon","protect",0.8167924880981445
"Koraidon","collisioncourse",0.7996212244033813
"Koraidon","flamecharge",0.47919851541519165
"Krookodile","earthquake",0.6398628950119019
"Krookodile","knockoff",0.5233324766159058
"Krookodile","protect",0.4787766933441162
"Krookodile","rockslide",0.3443184792995453
"Kyogre","originpulse",0.8407654762268066
"Kyogre","icebeam",0.8293800950050354
"Kyogre","waterspout",0.7765659093856812
"Kyogre","thunder",0.5146060585975647
"Kyurem","freezedry",0.5327102541923523
"Kyurem","protect",0.4361370801925659
"Kyurem","earthpower",0.3925233781337738
"Kyurem","blizzard",0.3644859790802002
"Kyurem-Black","iciclespear",0.8505440950393677
"Kyurem-Black","protect",0.7623806595802307
"Kyurem-Black","fusionbolt",0.6833222508430481
"Kyurem-Black","scaleshot",0.6656673550605774
"Kyurem-White","blizzard",0.8654859662055969
"Kyurem-White","freezedry",0.7884907126426697
"Kyurem-White","fusionflare",0.7249579429626465
"Kyurem-White","earthpower",0.6684046387672424
"Landorus-Incarnate","sludgebomb",0.9684229493141174
"Landorus-Incarnate","earthpower",0.9340025186538696
"Landorus-Incarnate","sandsearstorm",0.8634864687919617
"Landorus-Incarnate","protect",0.7599651217460632
"Landorus-Therian","uturn",0.8349425196647644
"Landorus-Therian","rockslide",0.6614927053451538
"Landorus-Therian","stompingtantrum",0.5868827700614929
"Landorus-Therian","earthquake",0.5396332740783691
"Lanturn","soak",0.6305882334709167
"Lanturn","electroweb",0.4023529291152954
"Lanturn","scald",0.3874509930610657
"Lanturn","voltswitch",0.38274508714675903
"Lapras","protect",0.7374309301376343
"Lapras","freezedry",0.47176170349121094
"Lapras","perishsong",0.3784876763820648
"Lapras","haze",0.252864271402359
"Latias","mistball",0.7276731133460999
"Latias","tailwind",0.6014191508293152
"Latias","protect",0.3606557250022888
"Latias","dracometeor",0.3427942395210266
"Latios","lusterpurge",0.8155044913291931
"Latios","dracometeor",0.7050831317901611
"Latios","protect",0.6603214144706726
"Latios","tailwind",0.5103800296783447
"Leafeon","solarblade",0.755538284778595
"Leafeon","knockoff",0.6156237721443176
"Leafeon","terablast",0.359113872051239
"Leafeon","protect",0.34628838300704956
"Leavanny","leafblade",0.6255274415016174
"Leavanny","knockoff",0.4599156081676483
"Leavanny","protect",0.43670886754989624
"Leavanny","tripleaxel",0.43248945474624634
"Lilligant","sleeppowder",0.6926085352897644
"Lilligant","afteryou",0.4970668852329254
"Lilligant","protect",0.4626515507698059
"Lilligant","pollenpuff",0.3292921483516693
"Lilligant-Hisui","closecombat",0.7239998579025269
"Lilligant-Hisui","sleeppowder",0.7123258709907532
"Lilligant-Hisui","afteryou",0.5972902774810791
"Lilligant-Hisui","solarblade",0.5168079733848572
"Lokix","firstimpression",0.8933042883872986
"Lokix","suckerpunch",0.6967882513999939
"Lokix","uturn",0.5824714303016663
"Lokix","knockoff",0.49319541454315186
"Lucario","closecombat",0.41621294617652893
"Lucario","extremespeed",0.3808227479457855
"Lucario","bulletpunch",0.35117965936660767
"Lucario","aurasphere",0.25983062386512756
"Ludicolo","fakeout",0.8554254770278931
"Ludicolo","energyball",0.5670673847198486
"Ludicolo","encore",0.507276177406311
"Ludicolo","muddywater",0.45713382959365845
"Lugia","aeroblast",0.9128369688987732
"Lugia","calmmind",0.6825960278511047
"Lugia","protect",0.5088422298431396
"Lugia","earthpower",0.49310365319252014
"Lumineon","encore",0.6620867252349854
"Lumineon","tailwind",0.6389008164405823
"Lumineon","whirlpool",0.4881923496723175
"Lumineon","helpinghand",0.43108630180358887
"Lunala","moongeistbeam",0.9389383792877197
"Lunala","meteorbeam",0.568183183670044
"Lunala","protect",0.4287746250629425
"Lunala","trickroom",0.40356770157814026
"Lurantis","superpower",0.9240108132362366
"Lurantis","leechlife",0.5040467381477356
"Lurantis","leafstorm",0.35476619005203247
"Lurantis","leafblade",0.26708632707595825
"Luvdisc","entrainment",0.9037487506866455
"Luvdisc","endeavor",0.7639310956001282
"Luvdisc","icywind",0.6925025582313538
"Luvdisc","protect",0.5967578291893005
"Luxio","voltswitch",0.934108555316925
"Luxio","helpinghand",0.8720930218696594
"Luxio","raindance",0.8294573426246643
"Luxio","lightscreen",0.7054263353347778
"Luxray","voltswitch",0.6131868362426758
"Luxray","protect",0.5970696210861206
"Luxray","snarl",0.45860806107521057
"Luxray","thunderwave",0.37142857909202576
"Lycanroc","rockslide",0.9310099482536316
"Lycanroc","closecombat",0.6507823467254639
"Lycanroc","protect",0.6372688412666321
"Lycanroc","endeavor",0.595305860042572
"Lycanroc-Dusk","accelerock",0.8592965006828308
"Lycanroc-Dusk","closecombat",0.5393635034561157
"Lycanroc-Dusk","protect",0.35008373856544495
"Lycanroc-Dusk","drillrun",0.2998324930667877
"Lycanroc-Midnight","closecombat",0.6414141654968262
"Lycanroc-Midnight","stoneedge",0.6161616444587708
"Lycanroc-Midnight","suckerpunch",0.5656565427780151
"Lycanroc-Midnight","rockslide",0.34511783719062805
"Mabosstiff","playrough",0.7734627723693848
"Mabosstiff","protect",0.4757281541824341
"Mabosstiff","jawlock",0.44983819127082825
"Mabosstiff","crunch",0.4433656930923462
"Magcargo","heatwave",0.6902654767036438
"Magcargo","powergem",0.42182889580726624
"Magcargo","willowisp",0.3569321632385254
"Magcargo","sunnyday",0.30678465962409973
"Magmar","followme",0.9962925314903259
"Magmar","willowisp",0.6452645659446716
"Magmar","protect",0.5315133333206177
"Magmar","taunt",0.3146275579929352
"Magmortar","followme",0.7555555701255798
"Magmortar","protect",0.49047619104385376
"Magmortar","heatwave",0.4174603223800659
"Magmortar","flamethrower",0.21269841492176056
"Magneton","flashcannon",0.7591036558151245
"Magneton","protect",0.6218487620353699
"Magneton","thunderbolt",0.36974790692329407
"Magneton","electroweb",0.31092438101768494
"Magnezone","flashcannon",0.7553430795669556
"Magnezone","thunderbolt",0.6164229512214661
"Magnezone","voltswitch",0.4443194568157196
"Magnezone","protect",0.3048368990421295
"Malamar","superpower",0.6766446232795715
"Malamar","knockoff",0.5191437602043152
"Malamar","skillswap",0.4505743086338043
"Malamar","trickroom",0.4470936357975006
"Mamoswine","iceshard",0.7864721417427063
"Mamoswine","highhorsepower",0.691170871257782
"Mamoswine","iciclecrash",0.6191739439964294
"Mamoswine","protect",0.5236831903457642
"Mandibuzz","foulplay",0.6732736825942993
"Mandibuzz","tailwind",0.6112532019615173
"Mandibuzz","roost",0.6010230183601379
"Mandibuzz","snarl",0.5914322137832642
"Masquerain","tailwind",0.5206692814826965
"Masquerain","uturn",0.41535434126853943
"Masquerain","helpinghand",0.3937007784843445
"Masquerain","protect",0.3553149700164795
"Maushold","followme",0.8041244745254517
"Maushold","protect",0.5568795204162598
"Maushold","populationbomb",0.5167790055274963
"Maushold","helpinghand",0.3942386507987976
"Medicham","skillswap",0.6508549451828003
"Medicham","closecombat",0.5474351644515991
"Medicham","fakeout",0.5237175822257996
"Medicham","psychocut",0.2159404307603836
"Meganium","leechseed",0.5739257335662842
"Meganium","gigadrain",0.5469774007797241
"Meganium","healpulse",0.5025491714477539
"Meganium","protect",0.3197377920150757
"Meowscarada","flowertrick",0.9186722636222839
"Meowscarada","knockoff",0.6237465143203735
"Meowscarada","uturn",0.3696349859237671
"Meowscarada","protect",0.36772963404655457
"Meowstic","fakeout",0.5143271088600159
"Meowstic","skillswap",0.29764971137046814
"Meowstic","lightscreen",0.28686413168907166
"Meowstic","reflect",0.27366387844085693
"Mesprit","mysticalpower",0.7919847369194031
"Mesprit","trickroom",0.5896946787834167
"Mesprit","dazzlinggleam",0.4141221344470978
"Mesprit","encore",0.2729007601737976
"Metagross","psychicfangs",0.6739762425422668
"Metagross","bulletpunch",0.6651715040206909
"Metagross","explosion",0.35193952918052673
"Metagross","heavyslam",0.26513829827308655
"Mewtwo","psystrike",0.5752671957015991
"Mewtwo","aurasphere",0.5572869777679443
"Mewtwo","expandingforce",0.5268204808235168
"Mewtwo","protect",0.5127359628677368
"Mienshao","fakeout",0.9430278539657593
"Mienshao","closecombat",0.9164746999740601
"Mienshao","wideguard",0.9142488837242126
"Mienshao","feint",0.35928773880004883
"Milotic","scald",0.7026485800743103
"Milotic","protect",0.42577341198921204
"Milotic","lifedew",0.4079679548740387
"Milotic","hypnosis",0.3960234522819519
"Mimikyu","trickroom",0.7176766991615295
"Mimikyu","playrough",0.6254238486289978
"Mimikyu","shadowsneak",0.5331710577011108
"Mimikyu","willowisp",0.41074690222740173
"Minior","shellsmash",0.9447236061096191
"Minior","rockslide",0.733668327331543
"Minior","earthquake",0.6164153814315796
"Minior","endure",0.4313232898712158
"Miraidon","electrodrift",0.9331471920013428
"Miraidon","voltswitch",0.864139199256897
"Miraidon","dracometeor",0.8324853777885437
"Miraidon","dazzlinggleam",0.7447546124458313
"Misdreavus","trickroom",0.6172566413879395
"Misdreavus","taunt",0.4889380633831024
"Misdreavus","protect",0.4092920422554016
"Misdreavus","perishsong",0.37168142199516296
"Mismagius","shadowball",0.5101010203361511
"Mismagius","protect",0.3585858643054962
"Mismagius","thunderbolt",0.3232323229312897
"Mismagius","dazzlinggleam",0.280303031206131
"Moltres","tailwind",0.6860405802726746
"Moltres","airslash",0.6687816977500916
"Moltres","protect",0.48375633358955383
"Moltres","heatwave",0.4058375656604767
"Moltres-Galar","fierywrath",0.989893913269043
"Moltres-Galar","protect",0.799807071685791
"Moltres-Galar","tailwind",0.5075106620788574
"Moltres-Galar","airslash",0.42271119356155396
"Morpeko","aurawheel",0.9764492511749268
"Morpeko","fakeout",0.8550724387168884
"Morpeko","protect",0.6086956262588501
"Morpeko","partingshot",0.5905796885490417
"Mudsdale","heavyslam",0.64833003282547
"Mudsdale","highhorsepower",0.5743287205696106
"Mudsdale","bodypress",0.5166994333267212
"Mudsdale","earthquake",0.3962016999721527
"Muk-Alola","minimize",0.8261482119560242
"Muk-Alola","knockoff",0.8075156807899475
"Muk-Alola","protect",0.7164927124977112
"Muk-Alola","toxic",0.3908141851425171
"Munkidori","fakeout",0.7330406904220581
"Munkidori","psychic",0.6428571343421936
"Munkidori","sludgebomb",0.5630486607551575
"Munkidori","partingshot",0.4972067177295685
"Murkrow","tailwind",0.9471689462661743
"Murkrow","haze",0.661872148513794
"Murkrow","foulplay",0.5477625727653503
"Murkrow","quash",0.3821004629135132
"Necrozma","photongeyser",0.7464788556098938
"Necrozma","protect",0.42957746982574463
"Necrozma","earthpower",0.35915493965148926
"Necrozma","darkpulse",0.26056337356567383
"Necrozma-Dawn-Wings","moongeistbeam",0.9577699303627014
"Necrozma-Dawn-Wings","expandingforce",0.7642635107040405
"Necrozma-Dawn-Wings","trickroom",0.6343914866447449
"Necrozma-Dawn-Wings","meteorbeam",0.5572348237037659
"Necrozma-Dusk-Mane","sunsteelstrike",0.9075217843055725
"Necrozma-Dusk-Mane","photongeyser",0.7410065531730652
"Necrozma-Dusk-Mane","protect",0.6240007281303406
"Necrozma-Dusk-Mane","trickroom",0.41070130467414856
"Ninetales","heatwave",0.6336959004402161
"Ninetales","protect",0.4591449499130249
"Ninetales","solarbeam",0.34404250979423523
"Ninetales","willowisp",0.30356690287590027
"Ninetales-Alola","auroraveil",0.9551058411598206
"Ninetales-Alola","blizzard",0.6921859979629517
"Ninetales-Alola","moonblast",0.5716355443000793
"Ninetales-Alola","protect",0.4317939877510071
"Noctowl","hypervoice",0.8101266026496887
"Noctowl","airslash",0.6962025165557861
"Noctowl","tailwind",0.6582278609275818
"Noctowl","calmmind",0.5443037748336792
"Noivern","tailwind",0.6934889554977417
"Noivern","boomburst",0.628685474395752
"Noivern","dracometeor",0.4453316926956177
"Noivern","airslash",0.2761056423187256
"Ogerpon","spikyshield",0.8163825869560242
"Ogerpon","followme",0.7394412755966187
"Ogerpon","ivycudgel",0.6992897987365723
"Ogerpon","superpower",0.35113635659217834
"Ogerpon-Cornerstone","ivycudgel",0.9981289505958557
"Ogerpon-Cornerstone","followme",0.9631898999214172
"Ogerpon-Cornerstone","spikyshield",0.9550803899765015
"Ogerpon-Cornerstone","powerwhip",0.5227433443069458
"Ogerpon-Hearthflame","ivycudgel",0.998661458492279
"Ogerpon-Hearthflame","spikyshield",0.9700764417648315
"Ogerpon-Hearthflame","followme",0.9295191168785095
"Ogerpon-Hearthflame","woodhammer",0.45445114374160767
"Ogerpon-Wellspring","ivycudgel",0.9916492104530334
"Ogerpon-Wellspring","followme",0.9096538424491882
"Ogerpon-Wellspring","spikyshield",0.8964601159095764
"Ogerpon-Wellspring","hornleech",0.6540812849998474
"Okidogi","drainpunch",0.8430891633033752
"Okidogi","knockoff",0.7464909553527832
"Okidogi","upperhand",0.5634078979492188
"Okidogi","gunkshot",0.5258350968360901
"Oranguru","instruct",0.9603208303451538
"Oranguru","trickroom",0.814609169960022
"Oranguru","protect",0.3700222969055176
"Oranguru","foulplay",0.29939723014831543
"Oricorio","revelationdance",0.9090909361839294
"Oricorio","protect",0.5139859914779663
"Oricorio","quiverdance",0.42657342553138733
"Oricorio","airslash",0.3881118893623352
"Oricorio-Pom-Pom","revelationdance",0.948223352432251
"Oricorio-Pom-Pom","protect",0.7482233643531799
"Oricorio-Pom-Pom","quiverdance",0.4345177710056305
"Oricorio-Pom-Pom","batonpass",0.29746192693710327
"Oricorio-Sensu","revelationdance",0.9085020422935486
"Oricorio-Sensu","protect",0.7878542542457581
"Oricorio-Sensu","quiverdance",0.48259109258651733
"Oricorio-Sensu","batonpass",0.38056680560112
"Orthworm","bodypress",0.9071958661079407
"Orthworm","irondefense",0.619074821472168
"Orthworm","shedtail",0.5551113486289978
"Orthworm","protect",0.5334094762802124
"Overqwil","crunch",0.5877307653427124
"Overqwil","protect",0.5754615664482117
"Overqwil","gunkshot",0.5267421007156372
"Overqwil","throatchop",0.3129243552684784
"Pachirisu","followme",0.9843316078186035
"Pachirisu","nuzzle",0.8478778004646301
"Pachirisu","helpinghand",0.47838160395622253
"Pachirisu","protect",0.44783815741539
"Palafin","jetpunch",0.7620350122451782
"Palafin","wavecrash",0.6483862400054932
"Palafin","flipturn",0.6296498775482178
"Palafin","closecombat",0.46307438611984253
"Palkia","spacialrend",0.9028213024139404
"Palkia","protect",0.7064487338066101
"Palkia","hydropump",0.5859829783439636
"Palkia","trickroom",0.5116435289382935
"Palkia-Origin","spacialrend",0.9224157333374023
"Palkia-Origin","protect",0.8624693155288696
"Palkia-Origin","hydropump",0.6014735698699951
"Palkia-Origin","surf",0.33869168162345886
"Palossand","shadowball",0.6465346813201904
"Palossand","shoreup",0.5970296859741211
"Palossand","earthpower",0.5801980495452881
"Palossand","chillingwater",0.2405940592288971
"Passimian","closecombat",0.6024390459060669
"Passimian","drainpunch",0.5195121765136719
"Passimian","knockoff",0.3634146451950073
"Passimian","uturn",0.34634146094322205
"Pawmot","closecombat",0.8140469193458557
"Pawmot","doubleshock",0.727743923664093
"Pawmot","revivalblessing",0.7210055589675903
"Pawmot","fakeout",0.6726707220077515
"Pelipper","hurricane",0.9587125778198242
"Pelipper","wideguard",0.8867210745811462
"Pelipper","weatherball",0.855343222618103
"Pelipper","tailwind",0.424818754196167
"Perrserker","fakeout",0.9108359217643738
"Perrserker","ironhead",0.6501547694206238
"Perrserker","protect",0.3684210479259491
"Perrserker","helpinghand",0.3226006329059601
"Persian-Alola","fakeout",0.8325892686843872
"Persian-Alola","snarl",0.4787946343421936
"Persian-Alola","partingshot",0.4754464328289032
"Persian-Alola","foulplay",0.4676339328289032
"Pikachu","fakeout",0.8271642923355103
"Pikachu","protect",0.4230651557445526
"Pikachu","volttackle",0.32410523295402527
"Pikachu","nuzzle",0.22606301307678223
"Pincurchin","suckerpunch",0.47154471278190613
"Pincurchin","protect",0.40785908699035645
"Pincurchin","zingzap",0.288617879152298
"Pincurchin","electroweb",0.2720189690589905
"Plusle","discharge",0.5563725233078003
"Plusle","protect",0.5122548937797546
"Plusle","alluringvoice",0.4387255012989044
"Plusle","helpinghand",0.31617647409439087
"Politoed","protect",0.715822160243988
"Politoed","weatherball",0.5641423463821411
"Politoed","perishsong",0.4807628393173218
"Politoed","helpinghand",0.3660050928592682
"Poliwhirl","icywind",0.9189189076423645
"Poliwhirl","encore",0.8957529067993164
"Poliwhirl","protect",0.8687258958816528
"Poliwhirl","haze",0.7837837934494019
"Poliwrath","bellydrum",0.4521690905094147
"Poliwrath","liquidation",0.4210233688354492
"Poliwrath","drainpunch",0.4121245741844177
"Poliwrath","protect",0.38320356607437134
"Polteageist","shadowball",0.7066993713378906
"Polteageist","shellsmash",0.6715686321258545
"Polteageist","protect",0.38235294818878174
"Polteageist","storedpower",0.3692810535430908
"Porygon-Z","triattack",0.5235081315040588
"Porygon-Z","terablast",0.47423145174980164
"Porygon-Z","shadowball",0.4516274929046631
"Porygon-Z","icebeam",0.42224231362342834
"Porygon2","trickroom",0.9035806655883789
"Porygon2","recover",0.7363244295120239
"Porygon2","icebeam",0.560871422290802
"Porygon2","terablast",0.553494393825531
"Primarina","hypervoice",0.9162457585334778
"Primarina","moonblast",0.787905216217041
"Primarina","protect",0.7177426815032959
"Primarina","haze",0.21673248708248138
"Primeape","ragefist",0.7215189933776855
"Primeape","drainpunch",0.6303797364234924
"Primeape","protect",0.5797468423843384
"Primeape","uturn",0.2860759496688843
"Probopass","wideguard",0.8218661546707153
"Probopass","bodypress",0.5193213820457458
"Probopass","protect",0.32987746596336365
"Probopass","irondefense",0.3279924690723419
"Psyduck","encore",0.752913773059845
"Psyduck","icywind",0.7109557390213013
"Psyduck","disable",0.6736596822738647
"Psyduck","taunt",0.5687645673751831
"Quagsire","protect",0.5563173294067383
"Quagsire","recover",0.4358472228050232
"Quagsire","highhorsepower",0.37022528052330017
"Quagsire","yawn",0.3006856143474579
"Quaquaval","aquastep",0.9387755393981934
"Quaquaval","closecombat",0.755625307559967
"Quaquaval","icespinner",0.32496076822280884
"Quaquaval","protect",0.31397172808647156
"Qwilfish","barbbarrage",0.6666666865348816
"Qwilfish","flipturn",0.5884353518486023
"Qwilfish","throatchop",0.581632673740387
"Qwilfish","aquajet",0.5748299360275269
"Qwilfish-Hisui","acupressure",0.5119876265525818
"Qwilfish-Hisui","minimize",0.48569220304489136
"Qwilfish-Hisui","toxic",0.4740912616252899
"Qwilfish-Hisui","stockpile",0.35421499609947205
"Rabsca","revivalblessing",0.9209622144699097
"Rabsca","trickroom",0.5971744656562805
"Rabsca","protect",0.4402443766593933
"Rabsca","bugbuzz",0.3833524286746979
"Raging Bolt","thunderclap",0.9806447625160217
"Raging Bolt","thunderbolt",0.7357068657875061
"Raging Bolt","dracometeor",0.6967825293540955
"Raging Bolt","protect",0.4599039554595947
"Raichu","fakeout",0.9239562153816223
"Raichu","nuzzle",0.6243405342102051
"Raichu","voltswitch",0.49374714493751526
"Raichu","endeavor",0.4255845844745636
"Raichu-Alola","fakeout",0.7188429832458496
"Raichu-Alola","electroweb",0.45256197452545166
"Raichu-Alola","nuzzle",0.31024792790412903
"Raichu-Alola","psychic",0.24578511714935303
"Raikou","electroweb",0.513225257396698
"Raikou","voltswitch",0.501279890537262
"Raikou","snarl",0.3656143248081207
"Raikou","thunderbolt",0.35836178064346313
"Rampardos","rockslide",0.7989762425422668
"Rampardos","protect",0.6021405458450317
"Rampardos","headsmash",0.4215914309024811
"Rampardos","ironhead",0.32201024889945984
"Rayquaza","extremespeed",0.892553985118866
"Rayquaza","dragonascent",0.8772302269935608
"Rayquaza","protect",0.8019784092903137
"Rayquaza","swordsdance",0.464784175157547
"Regice","protect",0.602697491645813
"Regice","icebeam",0.5071290731430054
"Regice","blizzard",0.48246628046035767
"Regice","thunderbolt",0.4053950011730194
"Regidrago","dragonenergy",0.9890688061714172
"Regidrago","dracometeor",0.8554192185401917
"Regidrago","protect",0.8336856961250305
"Regidrago","terablast",0.5178921222686768
"Regieleki","electroweb",0.8421427011489868
"Regieleki","voltswitch",0.6739893555641174
"Regieleki","protect",0.6051195859909058
"Regieleki","thunderbolt",0.4496821165084839
"Regigigas","knockoff",0.7457978129386902
"Regigigas","wideguard",0.6062226295471191
"Regigigas","crushgrip",0.5164957046508789
"Regigigas","protect",0.507296621799469
"Regirock","bodypress",0.7321644425392151
"Regirock","irondefense",0.4927448630332947
"Regirock","protect",0.43591293692588806
"Regirock","rockslide",0.37605804204940796
"Registeel","bodypress",0.9295217394828796
"Registeel","irondefense",0.8507730960845947
"Registeel","protect",0.7770586013793945
"Registeel","heavyslam",0.6184825897216797
"Reshiram","dracometeor",0.7003324031829834
"Reshiram","blueflare",0.5878291726112366
"Reshiram","heatwave",0.5527998208999634
"Reshiram","protect",0.5383533835411072
"Reuniclus","trickroom",0.7001326680183411
"Reuniclus","expandingforce",0.4334365427494049
"Reuniclus","psychic",0.3954002559185028
"Reuniclus","protect",0.3684210479259491
"Revavroom","shiftgear",0.6157480478286743
"Revavroom","ironhead",0.5653543472290039
"Revavroom","highhorsepower",0.5496063232421875
"Revavroom","spinout",0.4251968562602997
"Rhydon","protect",0.8090512752532959
"Rhydon","rockslide",0.747556746006012
"Rhydon","highhorsepower",0.6347917318344116
"Rhydon","swordsdance",0.2179371565580368
"Rhyperior","rockslide",0.683693528175354
"Rhyperior","highhorsepower",0.5341004729270935
"Rhyperior","earthquake",0.3567218780517578
"Rhyperior","protect",0.3056413233280182
"Ribombee","pollenpuff",0.7212706208229065
"Ribombee","tailwind",0.6826533675193787
"Ribombee","moonblast",0.611958920955658
"Ribombee","protect",0.31080660223960876
"Rillaboom","grassyglide",0.9596816897392273
"Rillaboom","fakeout",0.9576051235198975
"Rillaboom","woodhammer",0.8482434153556824
"Rillaboom","uturn",0.774377703666687
"Riolu","coaching",0.929852306842804
"Riolu","quickguard",0.39108648896217346
"Riolu","copycat",0.38976794481277466
"Riolu","feint",0.32568565011024475
"Roaring Moon","knockoff",0.9552444815635681
"Roaring Moon","tailwind",0.9427149891853333
"Roaring Moon","protect",0.8913435935974121
"Roaring Moon","acrobatics",0.8851871490478516
"Rotom-Frost","blizzard",0.875
"Rotom-Frost","voltswitch",0.41330644488334656
"Rotom-Frost","thunderbolt",0.33870968222618103
"Rotom-Frost","shadowball",0.32258063554763794
"Rotom-Heat","overheat",0.9035465717315674
"Rotom-Heat","willowisp",0.5157440900802612
"Rotom-Heat","voltswitch",0.465694397687912
"Rotom-Heat","protect",0.4511103630065918
"Rotom-Mow","protect",0.6402877569198608
"Rotom-Mow","leafstorm",0.5899280309677124
"Rotom-Mow","willowisp",0.5443645119667053
"Rotom-Mow","electroweb",0.4508393406867981
"Rotom-Wash","hydropump",0.8423052430152893
"Rotom-Wash","willowisp",0.6871437430381775
"Rotom-Wash","voltswitch",0.47118428349494934
"Rotom-Wash","thunderbolt",0.4192526936531067
"Sableye","foulplay",0.5201653242111206
"Sableye","gravity",0.45266109704971313
"Sableye","encore",0.4503898024559021
"Sableye","fakeout",0.3961654007434845
"Salamence","tailwind",0.6000000238418579
"Salamence","protect",0.48667269945144653
"Salamence","dualwingbeat",0.40543970465660095
"Salamence","dracometeor",0.30825021862983704
"Salazzle","fakeout",0.7512014508247375
"Salazzle","toxic",0.4458410441875458
"Salazzle","sludgebomb",0.3390018343925476
"Salazzle","protect",0.317560076713562
"Samurott-Hisui","ceaselessedge",0.7236268520355225
"Samurott-Hisui","sacredsword",0.5911072492599487
"Samurott-Hisui","aquacutter",0.5780296325683594
"Samurott-Hisui","razorshell",0.2794245779514313
"Sandaconda","coil",0.6009852290153503
"Sandaconda","glare",0.4532019793987274
"Sandaconda","rockslide",0.44581282138824463
"Sandaconda","protect",0.4285714328289032
"Sandslash-Alola","ironhead",0.7427229881286621
"Sandslash-Alola","tripleaxel",0.4591549336910248
"Sandslash-Alola","protect",0.3333333432674408
"Sandslash-Alola","icespinner",0.31830987334251404
"Sandy Shocks","earthpower",0.8326194286346436
"Sandy Shocks","protect",0.5174555778503418
"Sandy Shocks","thunderbolt",0.48425787687301636
"Sandy Shocks","electroweb",0.48072391748428345
"Sawsbuck","bodyslam",0.6676782965660095
"Sawsbuck","highhorsepower",0.5872533917427063
"Sawsbuck","headbutt",0.5144158005714417
"Sawsbuck","protect",0.4203338325023651
"Sceptile","shedtail",0.36779141426086426
"Sceptile","dragoncheer",0.3515337407588959
"Sceptile","protect",0.3202453851699829
"Sceptile","leafstorm",0.24325153231620789
"Scizor","bulletpunch",0.9935247898101807
"Scizor","uturn",0.5371842384338379
"Scizor","dualwingbeat",0.4268496036529541
"Scizor","bugbite",0.3620336055755615
"Scovillain","spicyextract",0.7297952771186829
"Scovillain","ragepowder",0.6316002011299133
"Scovillain","protect",0.5098329782485962
"Scovillain","overheat",0.33647629618644714
"Scrafty","fakeout",0.8314732313156128
"Scrafty","knockoff",0.8169642686843872
"Scrafty","coaching",0.3828125
"Scrafty","drainpunch",0.3392857015132904
"Scraggy","fakeout",0.9647696614265442
"Scraggy","coaching",0.8102980852127075
"Scraggy","foulplay",0.5691056847572327
"Scraggy","taunt",0.45528456568717957
"Scream Tail","encore",0.8402469754219055
"Scream Tail","disable",0.7934377789497375
"Scream Tail","protect",0.7713482975959778
"Scream Tail","perishsong",0.49024808406829834
"Scyther","dualwingbeat",0.7116279006004333
"Scyther","protect",0.5097674131393433
"Scyther","tailwind",0.4232558012008667
"Scyther","uturn",0.30046510696411133
"Sentret","followme",0.9693053364753723
"Sentret","endeavor",0.9450727105140686
"Sentret","knockoff",0.8513731956481934
"Sentret","endure",0.7851372957229614
"Serperior","leafstorm",0.9826582670211792
"Serperior","terablast",0.7406168580055237
"Serperior","protect",0.6966431140899658
"Serperior","dragonpulse",0.29158926010131836
"Shiftry","fakeout",0.7278540730476379
"Shiftry","knockoff",0.6938123106956482
"Shiftry","explosion",0.4060560464859009
"Shiftry","suckerpunch",0.30317848920822144
"Sinistcha","matchagotcha",0.9763182401657104
"Sinistcha","ragepowder",0.861594021320343
"Sinistcha","trickroom",0.6180152893066406
"Sinistcha","lifedew",0.4745653569698334
"Skarmory","bodypress",0.5
"Skarmory","tailwind",0.4289383590221405
"Skarmory","ironhead",0.38613012433052063
"Skarmory","roost",0.3595890402793884
"Skeledirge","torchsong",0.9691594839096069
"Skeledirge","shadowball",0.6219722032546997
"Skeledirge","protect",0.5616148114204407
"Skeledirge","slackoff",0.39735275506973267
"Skuntank","knockoff",0.587649405002594
"Skuntank","protect",0.525896430015564
"Skuntank","feint",0.4442231059074402
"Skuntank","poisongas",0.3904382586479187
"Slaking","drainpunch",0.5494062900543213
"Slaking","bodyslam",0.4057154357433319
"Slaking","knockoff",0.3358824849128723
"Slaking","doubleedge",0.3014691174030304
"Slither Wing","closecombat",0.8713005781173706
"Slither Wing","firstimpression",0.7912028431892395
"Slither Wing","leechlife",0.4330708682537079
"Slither Wing","uturn",0.39750203490257263
"Slowbro","trickroom",0.7051520943641663
"Slowbro","scald",0.43916821479797363
"Slowbro","protect",0.38485413789749146
"Slowbro","yawn",0.27746739983558655
"Slowbro-Galar","shellsidearm",0.6205882430076599
"Slowbro-Galar","trickroom",0.3382352888584137
"Slowbro-Galar","protect",0.24632352590560913
"Slowbro-Galar","expandingforce",0.2191176414489746
"Slowking","trickroom",0.8563218116760254
"Slowking","scald",0.6815732717514038
"Slowking","expandingforce",0.4922772943973541
"Slowking","chillyreception",0.35398706793785095
"Slowking-Galar","trickroom",0.6849607825279236
"Slowking-Galar","chillyreception",0.6284747123718262
"Slowking-Galar","sludgebomb",0.5149679183959961
"Slowking-Galar","healpulse",0.21258018910884857
"Slowpoke","trickroom",0.9628865718841553
"Slowpoke","surf",0.8381443023681641
"Slowpoke","healpulse",0.6855670213699341
"Slowpoke","helpinghand",0.5752577185630798
"Smeargle","spore",0.8588215708732605
"Smeargle","followme",0.7819958925247192
"Smeargle","fakeout",0.7060814499855042
"Smeargle","decorate",0.5140172243118286
"Sneasel-Hisui","fakeout",0.7528344392776489
"Sneasel-Hisui","closecombat",0.7131519317626953
"Sneasel-Hisui","taunt",0.6451247334480286
"Sneasel-Hisui","coaching",0.4773242771625519
"Sneasler","closecombat",0.8924736976623535
"Sneasler","direclaw",0.8472564220428467
"Sneasler","fakeout",0.6045109033584595
"Sneasler","protect",0.46312573552131653
"Snorlax","bodyslam",0.529807448387146
"Snorlax","protect",0.4453723132610321
"Snorlax","bellydrum",0.4282069206237793
"Snorlax","crunch",0.39526793360710144
"Solgaleo","sunsteelstrike",0.931850254535675
"Solgaleo","psychicfangs",0.7050461173057556
"Solgaleo","protect",0.5403147339820862
"Solgaleo","wideguard",0.2883342504501343
"Solosis","endeavor",0.9938080310821533
"Solosis","trickroom",0.9922600388526917
"Solosis","expandingforce",0.9133126735687256
"Solosis","endure",0.6873065233230591
"Spectrier","shadowball",0.8963432312011719
"Spectrier","protect",0.5076302886009216
"Spectrier","willowisp",0.3259429931640625
"Spectrier","snarl",0.3069392442703247
"Spidops","firstimpression",0.5951661467552185
"Spidops","stickyweb",0.4350453317165375
"Spidops","circlethrow",0.3806646466255188
"Spidops","suckerpunch",0.3081570863723755
"Spiritomb","trickroom",0.7785959839820862
"Spiritomb","willowisp",0.5056455731391907
"Spiritomb","foulplay",0.4408443868160248
"Spiritomb","taunt",0.242513507604599
"Squawkabilly","partingshot",0.7471590638160706
"Squawkabilly","bravebird",0.5653409361839294
"Squawkabilly","finalgambit",0.5369318127632141
"Squawkabilly","tailwind",0.4431818127632141
"Stantler","skillswap",0.4614264965057373
"Stantler","protect",0.3144104778766632
"Stantler","hypnosis",0.29694321751594543
"Stantler","trickroom",0.2751091718673706
"Staraptor","bravebird",0.7429322600364685
"Staraptor","uturn",0.6995397806167603
"Staraptor","closecombat",0.5996055006980896
"Staraptor","finalgambit",0.4404996633529663
"Stonjourner","wideguard",0.9478546380996704
"Stonjourner","protect",0.7144323587417603
"Stonjourner","rockslide",0.6060357093811035
"Stonjourner","bodypress",0.3114350140094757
"Sudowoodo","protect",0.7885985970497131
"Sudowoodo","suckerpunch",0.6437054872512817
"Sudowoodo","rockslide",0.4821852743625641
"Sudowoodo","headsmash",0.47980996966362
"Suicune","scald",0.8883005976676941
"Suicune","tailwind",0.7211078405380249
"Suicune","snarl",0.576417863368988
"Suicune","protect",0.41706547141075134
"Sunflora","weatherball",0.7651006579399109
"Sunflora","earthpower",0.709172248840332
"Sunflora","solarbeam",0.5715883374214172
"Sunflora","protect",0.5503355860710144
"Swampert","wideguard",0.6713573336601257
"Swampert","liquidation",0.4665122926235199
"Swampert","highhorsepower",0.43925899267196655
"Swampert","protect",0.3507303297519684
"Sylveon","hypervoice",0.9727393984794617
"Sylveon","protect",0.5939979553222656
"Sylveon","terablast",0.3473171591758728
"Sylveon","quickattack",0.3056013882160187
"Talonflame","tailwind",0.9616341590881348
"Talonflame","bravebird",0.7317295670509338
"Talonflame","flareblitz",0.39332225918769836
"Talonflame","willowisp",0.3432600498199463
"Tatsugiri","dracometeor",0.9224961996078491
"Tatsugiri","muddywater",0.8611885905265808
"Tatsugiri","icywind",0.5389444231987
"Tatsugiri","protect",0.48168590664863586
"Tauros-Paldea-Aqua","ragingbull",0.7239583134651184
"Tauros-Paldea-Aqua","closecombat",0.6197916865348816
"Tauros-Paldea-Aqua","aquajet",0.5813801884651184
"Tauros-Paldea-Aqua","protect",0.4752604067325592
"Tauros-Paldea-Blaze","closecombat",0.8420091271400452
"Tauros-Paldea-Blaze","ragingbull",0.7616438269615173
"Tauros-Paldea-Blaze","protect",0.4630137085914612
"Tauros-Paldea-Blaze","willowisp",0.3041096031665802
"Tentacruel","protect",0.523809552192688
"Tentacruel","sludgebomb",0.509379506111145
"Tentacruel","icywind",0.39249640703201294
"Tentacruel","haze",0.2698412835597992
"Terapagos","terastarstorm",0.9984070062637329
"Terapagos","protect",0.6590574383735657
"Terapagos","calmmind",0.5994860529899597
"Terapagos","earthpower",0.5246310830116272
"Terrakion","rockslide",0.93940269947052
"Terrakion","protect",0.7663090825080872
"Terrakion","closecombat",0.5358074903488159
"Terrakion","sacredsword",0.4633226990699768
"Thundurus","thunderwave",0.6429495215415955
"Thundurus","eerieimpulse",0.6134236454963684
"Thundurus","wildboltstorm",0.5049463510513306
"Thundurus","taunt",0.46252188086509705
"Thundurus-Therian","wildboltstorm",0.6340119242668152
"Thundurus-Therian","voltswitch",0.5005061030387878
"Thundurus-Therian","terablast",0.3454054594039917
"Thundurus-Therian","sludgebomb",0.333708256483078
"Ting-Lu","ruination",0.6483681797981262
"Ting-Lu","protect",0.5691856741905212
"Ting-Lu","stompingtantrum",0.49112799763679504
"Ting-Lu","sandtomb",0.43772178888320923
"Tinkaton","gigatonhammer",0.9766221642494202
"Tinkaton","fakeout",0.9443821907043457
"Tinkaton","feint",0.5174697041511536
"Tinkaton","playrough",0.44820210337638855
"Toedscruel","spore",0.9549196362495422
"Toedscruel","earthpower",0.7022082805633545
"Toedscruel","ragepowder",0.672808051109314
"Toedscruel","acidspray",0.34796813130378723
"Torkoal","eruption",0.906155526638031
"Torkoal","protect",0.5774978995323181
"Torkoal","earthpower",0.4609236419200897
"Torkoal","heatwave",0.436308890581131
"Tornadus","tailwind",0.992763876914978
"Tornadus","bleakwindstorm",0.9336062669754028
"Tornadus","raindance",0.5600990056991577
"Tornadus","taunt",0.5194022059440613
"Tornadus-Therian","tailwind",0.8065380454063416
"Tornadus-Therian","bleakwindstorm",0.7995712757110596
"Tornadus-Therian","taunt",0.5203644037246704
"Tornadus-Therian","uturn",0.513933539390564
"Torracat","fakeout",0.9885255098342896
"Torracat","partingshot",0.8967297673225403
"Torracat","willowisp",0.5037292242050171
"Torracat","flareblitz",0.3763625919818878
"Torterra","wideguard",0.6748894453048706
"Torterra","headlongrush",0.43076565861701965
"Torterra","woodhammer",0.4240167438983917
"Torterra","protect",0.3160344362258911
"Toucannon","rockblast",0.8587360382080078
"Toucannon","bulletseed",0.8475836515426636
"Toucannon","beakblast",0.6617100238800049
"Toucannon","protect",0.30297398567199707
"Toxapex","banefulbunker",0.7142511010169983
"Toxapex","wideguard",0.6354280114173889
"Toxapex","toxic",0.5718610286712646
"Toxapex","recover",0.4333454370498657
"Toxicroak","fakeout",0.8469864726066589
"Toxicroak","closecombat",0.5311192870140076
"Toxicroak","suckerpunch",0.5124230980873108
"Toxicroak","gunkshot",0.43985238671302795
"Toxtricity","overdrive",0.8225806355476379
"Toxtricity","boomburst",0.7799538969993591
"Toxtricity","protect",0.4210829436779022
"Toxtricity","sludgebomb",0.3695276379585266
"Trapinch","protect",0.8999018669128418
"Trapinch","feint",0.6476938128471375
"Trapinch","earthquake",0.6329734921455383
"Trapinch","fissure",0.45338568091392517
"Trevenant","trickroom",0.5313751697540283
"Trevenant","hornleech",0.44526034593582153
"Trevenant","willowisp",0.3077436685562134
"Trevenant","allyswitch",0.28037384152412415
"Tropius","wideguard",0.878125011920929
"Tropius","leechseed",0.6331250071525574
"Tropius","tailwind",0.3812499940395355
"Tropius","hurricane",0.35874998569488525
"Tsareena","tripleaxel",0.9308262467384338
"Tsareena","powerwhip",0.8522335290908813
"Tsareena","protect",0.6223071813583374
"Tsareena","taunt",0.536113977432251
"Typhlosion","eruption",0.9391003251075745
"Typhlosion","scorchingsands",0.4961937665939331
"Typhlosion","heatwave",0.35086506605148315
"Typhlosion","terablast",0.34186851978302
"Typhlosion-Hisui","eruption",0.971316397190094
"Typhlosion-Hisui","shadowball",0.8376732468605042
"Typhlosion-Hisui","heatwave",0.5842480659484863
"Typhlosion-Hisui","overheat",0.2546270191669464
"Tyranitar","rockslide",0.8721697330474854
"Tyranitar","knockoff",0.7698357105255127
"Tyranitar","protect",0.41659796237945557
"Tyranitar","terablast",0.36801546812057495
"Umbreon","foulplay",0.9474899172782898
"Umbreon","taunt",0.7845366597175598
"Umbreon","yawn",0.7555700540542603
"Umbreon","moonlight",0.7090493440628052
"Ursaluna","facade",0.9700251817703247
"Ursaluna","protect",0.9332927465438843
"Ursaluna","headlongrush",0.7963132262229919
"Ursaluna","earthquake",0.570684015750885
"Ursaluna-Bloodmoon","bloodmoon",0.9854439496994019
"Ursaluna-Bloodmoon","earthpower",0.9482470154762268
"Ursaluna-Bloodmoon","hypervoice",0.9324068427085876
"Ursaluna-Bloodmoon","protect",0.7955816388130188
"Urshifu","wickedblow",0.99654221534729
"Urshifu","closecombat",0.9582387208938599
"Urshifu","suckerpunch",0.8532123565673828
"Urshifu","detect",0.44386744499206543
"Urshifu-Rapid-Strike","surgingstrikes",0.9992795586585999
"Urshifu-Rapid-Strike","closecombat",0.9428155422210693
"Urshifu-Rapid-Strike","aquajet",0.6975247263908386
"Urshifu-Rapid-Strike","detect",0.47344690561294556
"Uxie","trickroom",0.6596958041191101
"Uxie","mysticalpower",0.5028517246246338
"Uxie","protect",0.4429657757282257
"Uxie","drainingkiss",0.33269962668418884
"Vaporeon","scald",0.4703504145145416
"Vaporeon","icebeam",0.39824798703193665
"Vaporeon","protect",0.3706199526786804
"Vaporeon","muddywater",0.32277628779411316
"Venomoth","ragepowder",0.6470588445663452
"Venomoth","sleeppowder",0.6230936646461487
"Venomoth","strugglebug",0.4793028235435486
"Venomoth","skillswap",0.47058823704719543
"Venonat","ragepowder",0.9483568072319031
"Venonat","skillswap",0.6690140962600708
"Venonat","toxic",0.6502347588539124
"Venonat","protect",0.5328638553619385
"Venusaur","sludgebomb",0.8295068740844727
"Venusaur","sleeppowder",0.7371676564216614
"Venusaur","protect",0.6276513338088989
"Venusaur","weatherball",0.26478201150894165
"Victreebel","sleeppowder",0.6150341629981995
"Victreebel","poisonjab",0.2961275577545166
"Victreebel","strengthsap",0.2596811056137085
"Victreebel","sweetscent",0.2164009064435959
"Vikavolt","bugbuzz",0.8956437110900879
"Vikavolt","thunderbolt",0.6345903873443604
"Vikavolt","protect",0.4726918041706085
"Vikavolt","discharge",0.39109233021736145
"Vileplume","sleeppowder",0.5583596229553223
"Vileplume","strengthsap",0.5299684405326843
"Vileplume","sludgebomb",0.5047318339347839
"Vileplume","gigadrain",0.40220820903778076
"Virizion","sacredsword",0.7205387353897095
"Virizion","leafblade",0.5050504803657532
"Virizion","protect",0.31313130259513855
"Virizion","coaching",0.26599326729774475
"Vivillon","sleeppowder",0.8406332731246948
"Vivillon","ragepowder",0.6300791501998901
"Vivillon","pollenpuff",0.5949867963790894
"Vivillon","tailwind",0.545382559299469
"Volbeat","tailwind",0.7686262130737305
"Volbeat","tailglow",0.47783714532852173
"Volbeat","batonpass",0.46651995182037354
"Volbeat","encore",0.4640050232410431
"Volcarona","ragepowder",0.7615377902984619
"Volcarona","willowisp",0.570965588092804
"Volcarona","protect",0.48479706048965454
"Volcarona","heatwave",0.4640721082687378
"Walking Wake","hydrosteam",0.9865027666091919
"Walking Wake","dracometeor",0.7265686392784119
"Walking Wake","flamethrower",0.6584076285362244
"Walking Wake","protect",0.6567044258117676
"Wartortle","yawn",0.8506374955177307
"Wartortle","icywind",0.7431694269180298
"Wartortle","lifedew",0.7231329679489136
"Wartortle","fakeout",0.6775956153869629
"Weavile","fakeout",0.83984375
"Weavile","knockoff",0.7158203125
"Weavile","icespinner",0.375
"Weavile","tripleaxel",0.2923177182674408
"Weezing","protect",0.9598139524459839
"Weezing","willowisp",0.8130213022232056
"Weezing","taunt",0.7333568930625916
"Weezing","sludgebomb",0.705555260181427
"Weezing-Galar","protect",0.7912888526916504
"Weezing-Galar","toxicspikes",0.4766598045825958
"Weezing-Galar","dazzlinggleam",0.4581015408039093
"Weezing-Galar","strangesteam",0.42983341217041016
"Whimsicott","tailwind",0.9861524701118469
"Whimsicott","moonblast",0.8746104836463928
"Whimsicott","encore",0.785895586013794
"Whimsicott","lightscreen",0.3785117268562317
"Wigglytuff","protect",0.5852205157279968
"Wigglytuff","hypervoice",0.47318235039711
"Wigglytuff","dazzlinggleam",0.3885578215122223
"Wigglytuff","encore",0.25506556034088135
"Wiglett","",2.5627119541168213
"Wiglett","takedown",0.8542372584342957
"Wiglett","aquajet",0.1152542382478714
"Wiglett","liquidation",0.07457627356052399
"Wo-Chien","pollenpuff",0.8168601989746094
"Wo-Chien","protect",0.8047212362289429
"Wo-Chien","leechseed",0.7769887447357178
"Wo-Chien","ruination",0.5697630047798157
"Wugtrio","tripledive",0.9012345671653748
"Wugtrio","protect",0.770370364189148
"Wugtrio","terablast",0.5234568119049072
"Wugtrio","sandstorm",0.32098764181137085
"Wyrdeer","trickroom",0.6664963960647583
"Wyrdeer","skillswap",0.443309485912323
"Wyrdeer","protect",0.4065372943878174
"Wyrdeer","expandingforce",0.2890704870223999
"Yanma","tailwind",0.9479553699493408
"Yanma","hypnosis",0.9144981503486633
"Yanma","protect",0.565055787563324
"Yanma","screech",0.40148699283599854
"Yanmega","tailwind",0.8989899158477783
"Yanmega","airslash",0.6951331496238708
"Yanmega","hypnosis",0.5821855068206787
"Yanmega","protect",0.5805785059928894
"Zacian","playrough",0.9559014439582825
"Zacian","sacredsword",0.7185473442077637
"Zacian","protect",0.7133592963218689
"Zacian","ironhead",0.4889753460884094
"Zacian-Crowned","ironhead",0.9784743785858154
"Zacian-Crowned","protect",0.9279728531837463
"Zacian-Crowned","playrough",0.8386099934577942
"Zacian-Crowned","sacredsword",0.4776363670825958
"Zamazenta","bodypress",0.9225512742996216
"Zamazenta","protect",0.6150341629981995
"Zamazenta","wideguard",0.5725132822990417
"Zamazenta","irondefense",0.42293089628219604
"Zamazenta-Crowned","bodypress",0.9969863295555115
"Zamazenta-Crowned","protect",0.8046143651008606
"Zamazenta-Crowned","wideguard",0.758875846862793
"Zamazenta-Crowned","heavyslam",0.7023619413375854
"Zangoose","facade",0.7018469572067261
"Zangoose","protect",0.6781002879142761
"Zangoose","knockoff",0.33245381712913513
"Zangoose","bellydrum",0.3087071180343628
"Zapdos","hurricane",0.6421253085136414
"Zapdos","tailwind",0.49663349986076355
"Zapdos","voltswitch",0.3896369934082031
"Zapdos","thunderbolt",0.36797425150871277
"Zapdos-Galar","bravebird",0.7713324427604675
"Zapdos-Galar","thunderouskick",0.5237850546836853
"Zapdos-Galar","closecombat",0.5142025947570801
"Zapdos-Galar","tailwind",0.3637348711490631
"Zebstrika","voltswitch",0.5261261463165283
"Zebstrika","supercellslam",0.36036035418510437
"Zebstrika","highhorsepower",0.3333333432674408
"Zebstrika","protect",0.31351351737976074
"Zekrom","protect",0.8145594000816345
"Zekrom","dragondance",0.6247764825820923
"Zekrom","fusionbolt",0.6178799271583557
"Zekrom","dragonclaw",0.6089399456977844
"Zoroark","darkpulse",0.6672897338867188
"Zoroark","focusblast",0.29719626903533936
"Zoroark","sludgebomb",0.25233644247055054
"Zoroark","shadowball",0.25046730041503906
"Zoroark-Hisui","hypervoice",0.6609552502632141
"Zoroark-Hisui","shadowball",0.5135289430618286
"Zoroark-Hisui","bittermalice",0.4036553204059601
"Zoroark-Hisui","protect",0.31041622161865234
